状态编号,模板,状态,R1或R_Ω,R2_Ω或C_F,VB采样_ms,VA采样_ms,VB下界_mV,VB上界_mV,VA下界_mV,VA上界_mV,标称VB_mV,标称VA_mV
DIV0,DIV,正常,10000,10000,稳态,稳态,422,488,889,928,454.545,909.091
DIV1,DIV,R1断路,10000,10000,稳态,稳态,-5,5,985,1015,0.0,1000.0
DIV2,DIV,R2断路,10000,10000,稳态,稳态,985,1015,985,1015,1000.0,1000.0
DIV3,DIV,R1短路,10000,10000,稳态,稳态,811,855,811,855,833.333,833.333
DIV4,DIV,R2短路,10000,10000,稳态,稳态,-5,5,811,855,0.0,833.333
DIV5,DIV,R1为5kΩ,5000,10000,稳态,稳态,555,621,862,903,588.235,882.353
DIV6,DIV,R1为20kΩ,20000,10000,稳态,稳态,284,342,919,956,312.5,937.5
DIV7,DIV,R2为5kΩ,10000,5000,稳态,稳态,267,322,862,903,294.118,882.353
DIV8,DIV,R2为20kΩ,10000,20000,稳态,稳态,591,659,919,956,625.0,937.5
RC0,RC,正常,10000,1e-05,50.0,55.0,291,399,871,918,340.759,894.611
RC1,RC,R断路,10000,1e-05,50.0,55.0,-5,5,985,1015,0.0,1000.0
RC2,RC,C断路,10000,1e-05,50.0,55.0,985,1015,985,1015,1000.0,1000.0
RC3,RC,R短路,10000,1e-05,50.0,55.0,875,958,897,972,917.915,936.072
RC4,RC,C短路,10000,1e-05,50.0,55.0,-5,5,811,855,0.0,833.333
RC5,RC,R为5kΩ,5000,1e-05,50.0,55.0,448,580,841,899,510.458,869.773
RC6,RC,R为20kΩ,20000,1e-05,50.0,55.0,169,245,909,949,203.297,929.2
RC7,RC,C为5μF,10000,5e-06,50.0,55.0,499,639,910,957,565.402,933.358
RC8,RC,C为20μF,10000,2e-05,50.0,55.0,156,226,844,891,188.064,867.467
