状态编号,模板,故障设置,R1或R_Ω,R2_Ω或C_F,理论VB_mV,理论VA_mV,实测VB_mV,实测VA_mV,实际判别,运行供电状态,判别特征次数,全部ADC转换次数,总耗时_ms,截图编号,备注
DIV0,DIV,正常,10000,10000,454.545,909.091,,,,,,,,,
DIV1,DIV,R1断路,10000,10000,0.0,1000.0,,,,,,,,,
DIV2,DIV,R2断路,10000,10000,1000.0,1000.0,,,,,,,,,
DIV3,DIV,R1短路,10000,10000,833.333,833.333,,,,,,,,,
DIV4,DIV,R2短路,10000,10000,0.0,833.333,,,,,,,,,
DIV5,DIV,R1为5kΩ,5000,10000,588.235,882.353,,,,,,,,,
DIV6,DIV,R1为20kΩ,20000,10000,312.5,937.5,,,,,,,,,
DIV7,DIV,R2为5kΩ,10000,5000,294.118,882.353,,,,,,,,,
DIV8,DIV,R2为20kΩ,10000,20000,625.0,937.5,,,,,,,,,
RC0,RC,正常,10000,1e-05,340.759,894.611,,,,,,,,,
RC1,RC,R断路,10000,1e-05,0.0,1000.0,,,,,,,,,
RC2,RC,C断路,10000,1e-05,1000.0,1000.0,,,,,,,,,
RC3,RC,R短路,10000,1e-05,917.915,936.072,,,,,,,,,
RC4,RC,C短路,10000,1e-05,0.0,833.333,,,,,,,,,
RC5,RC,R为5kΩ,5000,1e-05,510.458,869.773,,,,,,,,,
RC6,RC,R为20kΩ,20000,1e-05,203.297,929.2,,,,,,,,,
RC7,RC,C为5μF,10000,5e-06,565.402,933.358,,,,,,,,,
RC8,RC,C为20μF,10000,2e-05,188.064,867.467,,,,,,,,,
